00b01445_nohash_1_down_noise_0_.wav,00b01445_nohash_1_down.wav
00b01445_nohash_1_down_noise_3_.wav,00b01445_nohash_1_down.wav
00f0204f_nohash_0_down_noise_4_.wav,00f0204f_nohash_0_down.wav
012c8314_nohash_0_no_noise_1_.wav,012c8314_nohash_0_no.wav
012c8314_nohash_0_no_noise_2_.wav,012c8314_nohash_0_no.wav
012c8314_nohash_1_right_noise_3_.wav,012c8314_nohash_1_right.wav
0132a06d_nohash_0_left_noise_1_.wav,0132a06d_nohash_0_left.wav
0132a06d_nohash_1_down_noise_1_.wav,0132a06d_nohash_1_down.wav
0132a06d_nohash_1_down_noise_2_.wav,0132a06d_nohash_1_down.wav
0132a06d_nohash_1_down_noise_3_.wav,0132a06d_nohash_1_down.wav
0132a06d_nohash_1_down_noise_4_.wav,0132a06d_nohash_1_down.wav
0132a06d_nohash_1_right_noise_3_.wav,0132a06d_nohash_1_right.wav
0132a06d_nohash_2_left_noise_1_.wav,0132a06d_nohash_2_left.wav
0132a06d_nohash_2_left_noise_4_.wav,0132a06d_nohash_2_left.wav
0132a06d_nohash_2_right_noise_1_.wav,0132a06d_nohash_2_right.wav
0132a06d_nohash_3_no_noise_0_.wav,0132a06d_nohash_3_no.wav
0132a06d_nohash_3_right_noise_4_.wav,0132a06d_nohash_3_right.wav
0137b3f4_nohash_1_no_noise_3_.wav,0137b3f4_nohash_1_no.wav
0137b3f4_nohash_2_go_noise_3_.wav,0137b3f4_nohash_2_go.wav
